{
  "camera": {
    "type": "perspective",
    "focal_length": 2,
    "eye": [1,1,7],
    "up": [0,0.1,-0.2],
    "look": [0,-1,-5],
    "height": 1,
    "width": 1.7777777778
  },
  "materials": [
    {
      "name": "red metal",
      "ka": [ 0.0894118, 0.0101961, 0.0109804 ],
      "kd": [ 0.894118, 0.101961, 0.109804 ],
      "ks": [ 0.894118, 0.101961, 0.109804 ],
      "km": [ 0.894118, 0.101961, 0.109804 ],
      "phong_exponent": 2000
    },
    {
      "name": "blue metal",
      "ka": [ 0.0215686, 0.0494118, 0.0721569 ],
      "kd": [ 0.215686, 0.494118, 0.721569 ],
      "ks": [ 0.215686, 0.494118, 0.721569 ],
      "km": [ 0.0, 0.7, 0.721569 ],
      "phong_exponent": 1
    },
    {
      "name": "Lambertian blue",
      "ka": [ 0.02, 0.03, 0.08 ],
      "kd": [ 0.2, 0.3, 0.8 ],
      "ks": [ 0.1, 0.1, 0.1 ],
      "km": [ 0.2, 0.2, 0.2 ],
      "phong_exponent": 20
    },
    {
      "name": "orange plastic",
      "ka": [ 0.1, 0.07, 0.02 ],
      "kd": [ 1.0, 0.7, 0.2 ],
      "ks": [ 0.8, 0.8, 0.8 ],
      "km": [ 0.05, 0.05, 0.05 ],
      "phong_exponent": 1000
    },
    {
      "name": "green metal",
      "ka": [ 0.0301961, 0.0686275, 0.0290196 ],
      "kd": [ 0.301961, 0.686275, 0.290196 ],
      "ks": [ 0.301961, 0.686275, 0.290196 ],
      "km": [ 0.301961, 0.686275, 0.290196 ],
      "phong_exponent": 20
    }
  ],
  "lights": [
    {
      "type": "point",
      "position": [ -5, 3, 15 ],
      "color": [ 0.7, 0.7, 0.7 ]
    },
    {
      "type": "point",
      "position": [ 5, -0.3, 15 ],
      "color": [ 0.3, 0.3, 0.3 ]
    }
  ],
  "objects": [
    {
      "type": "plane",
      "material": "Lambertian blue",
      "point": [ 0, -1, 0 ],
      "normal": [ 0, 1, 0 ]
    },
    {
      "type": "plane",
      "material": "orange plastic",
      "point": [ 0, 0, -2 ],
      "normal": [ 0, 0, 1 ]
    },
    {
      "type": "sphere",
      "material": "red metal",
      "radius": 0.3,
      "center": [ 1, -0.25, 0 ]
    },
    {
      "type": "sphere",
      "material": "blue metal",
      "radius": 1,
      "center": [ 1, -1, 0 ]
    },
    {
      "type": "sphere",
      "material": "green metal",
      "radius": 0.5,
      "center": [ 0.7, -1, 0.7 ]
    }
  ]
}
